#,Nome,Nicho,Nota,Avaliações,E-mail,Telefone,WhatsApp,Instagram,Domínio sugerido,Site atual,GMN (Google Meu Negócio),gmnCid,Motivo,Situação,Status,URL nova
1,Pablo Mecânica,oficina mecânica,5.0,92,,(31) 98728-8604,5531987288604,,pablomecanica.com.br,,https://www.google.com/maps?cid=6654213577747243358,6654213577747243358,Não tem site próprio,Qualificado,novo,
2,Auto Shopping Del Rey GNV,oficina mecânica,5.0,35,,(31) 3658-6596,,,autoshoppingdelrey.com.br,,https://www.google.com/maps?cid=15551172145372405711,15551172145372405711,Não tem site próprio,Qualificado,novo,
3,SG CAR Mecânica Automotiva,oficinas,5.0,29,,(31) 99937-6944,5531999376944,https://instagram.com/sgmecanica.automotivo,sgcarmecanica.com.br,sem site,https://www.google.com/maps?cid=6124346077946217681,6124346077946217681,"Nota máxima 5,0/29; sem site.",Qualificado,novo,
4,Diniz Estética Automotiva,oficinas,4.9,109,,(31) 98843-3582,5531988433582,https://instagram.com/diniz_esteticautomotiva,dinizesteticaautomotiva.com.br,sem site próprio (só link WhatsApp),https://www.google.com/maps?cid=18296762397603562625,18296762397603562625,"4,9/109 (estética premium); só link de WhatsApp, sem site próprio.",Qualificado,novo,
5,Centro Automotivo DVC,funilaria e pintura,4.9,82,,(31) 99662-0277,5531996620277,@centroautomotivo.dvc,centroautomotivodvc.com.br,,https://www.google.com/maps?cid=6017471911692367415,6017471911692367415,Não tem site próprio,Qualificado,novo,
6,Vieiracar,oficina mecânica,4.9,68,,(31) 3456-1721,,,vieiracar.com.br,,https://www.google.com/maps?cid=9093905344352629610,9093905344352629610,Não tem site próprio,Qualificado,novo,
7,Auto Mecânica Dois Irmãos,oficina mecânica,4.8,68,,(31) 3458-4901,,,automecanicadoisirmaos.com.br,,https://www.google.com/maps?cid=8544717057092829388,8544717057092829388,Não tem site próprio,Qualificado,novo,
8,Oficina do Espanhol,oficinas,4.8,35,,(31) 99508-7800,5531995087800,,oficinadoespanhol.com.br,sem site,https://www.google.com/maps?cid=10632964429452933273,10632964429452933273,"4,8/35 e ótima reputação; sem nenhum site nem Instagram localizado.",Qualificado,novo,
9,Jhowcar Service,oficinas,4.8,31,,(31) 3459-8653,,https://instagram.com/jhowcarservice,jhowcarservice.com.br,sem site,https://www.google.com/maps?cid=17334051416359678933,17334051416359678933,"4,8/31 na Av. Vilarinho (alto fluxo); sem site.",Qualificado,novo,
10,Geraldinho Centro Automotivo,oficina mecânica,4.8,28,,(31) 98512-0597,5531985120597,,geraldinhocentroautomotivo.com.br,,https://www.google.com/maps?cid=15827186803929832578,15827186803929832578,Não tem site próprio,Qualificado,novo,
11,Auto Elétrica Serra Verde,auto elétrica,4.7,64,,(31) 3455-5047,,,autoeletricaserraverde.com.br,,https://www.google.com/maps?cid=2528427629726078695,2528427629726078695,Não tem site próprio,Qualificado,novo,
12,Vila Car Auto Center,oficinas,4.7,29,,(31) 3453-8917,,https://instagram.com/villaautocenteroficial,vilacarautocenter.com.br,sem site,https://www.google.com/maps?cid=17502816464542949933,17502816464542949933,"4,7/29 na Av. Vilarinho; sem site.",Qualificado,novo,
13,Auto Elétrica Céu Azul,auto elétrica,4.6,113,,(31) 3456-2366,,,autoeletricaceuazul.com.br,,https://www.google.com/maps?cid=646785913798052116,646785913798052116,Não tem site próprio,Qualificado,novo,
14,Spaço do Carro Centro Automotivo,oficinas,4.6,38,,(31) 98454-9280,5531984549280,https://instagram.com/spacodocarroc.automotivo,spacodocarro.com.br,sem site,https://www.google.com/maps?cid=8582281348205835955,8582281348205835955,"4,6/38; sem site próprio.",Qualificado,novo,
15,André Car Alinhamento e Balanceamento,oficinas,4.5,67,,(31) 3455-6947,,https://instagram.com/andrecarcentroautomotivo,andrecar.com.br,sem site próprio (só encurtador rebrand.ly),https://www.google.com/maps?cid=8846912183531172732,8846912183531172732,"Centro automotivo estabelecido (67 aval); só link encurtado, sem site próprio.",Qualificado,novo,
16,Racing Rebels - Oficina Mecânica e Preparações,oficinas,4.5,57,,(31) 98044-9294,5531980449294,https://instagram.com/racingrebels,racingrebels.com.br,sem site próprio (só Instagram),https://www.google.com/maps?cid=12193589902280597903,12193589902280597903,Preparações/performance com 57 aval; usa só Instagram.,Qualificado,novo,
17,Samuka Car,suspensão e mecânica,4.3,29,,(31) 99994-0860,5531999940860,@samuka.car,samukacar.com.br,,https://www.google.com/maps?cid=11048619070744583148,11048619070744583148,Não tem site próprio,Qualificado,novo,
18,Auto Mecânica e Elétrica Forte,oficina mecânica e elétrica,4.2,20,,(31) 98989-5705,5531989895705,,autoeletricaforte.com.br,,https://www.google.com/maps?cid=10305338880043056042,10305338880043056042,Não tem site próprio,Qualificado,novo,
19,Centro Automotivo 3 Irmãos,oficinas,4.1,27,,(31) 98832-4974,5531988324974,https://instagram.com/centroautomotivo3irmaos,centroautomotivo3irmaos.com.br,sem site,https://www.google.com/maps?cid=10900363531876671505,10900363531876671505,"4,1/27; sem site próprio.",Qualificado,novo,
20,Rogério Auto Center,oficinas,4.0,246,,(31) 3454-4059,,https://instagram.com/rogerio.autocenter,rogerioautocenter.com.br,sem site próprio (só Instagram),https://www.google.com/maps?cid=10878970377185206777,10878970377185206777,Nota consistente com 246 avaliações; usa só Instagram como presença — oportunidade de site próprio premium.,Qualificado,novo,
21,JC CAR Auto mecânica,oficina mecânica,5.0,27,,(31) 99349-0972,5531993490972,@jccar_oficial,jccarmecanica.com.br,,,,Não tem site próprio,Qualificado,publicado,https://kairostecnologia.com/clientes/jc-car-auto-mecanica/
22,Auto Grau Troca de Óleo,troca de óleo,4.9,74,,(31) 3213-1208,31 9102-2231,,autograu.com.br,,https://www.google.com/maps?cid=11687216144521185234,11687216144521185234,Não tem site próprio (só bit.ly),Qualificado,publicado,https://kairostecnologia.com/clientes/auto-grau-troca-de-oleo/
23,RCA Centro Automotivo,estética automotiva,4.9,69,,(31) 98457-2445,5531984572445,@rcacentroautomotivo,rcacentroautomotivo.com.br,,https://www.google.com/maps?cid=17295190726115513632,17295190726115513632,Não tem site próprio,Qualificado,publicado,https://kairostecnologia.com/clientes/rca-centro-automotivo/
24,Auto Power Tech,oficina mecânica,4.9,56,,(31) 3665-3150,,@power.techbh,autopowertech.com.br,,https://www.google.com/maps?cid=1496545289249941551,1496545289249941551,Não tem site próprio (só Instagram),Qualificado,publicado,https://kairostecnologia.com/clientes/auto-power-tech/
25,Canaã Auto Center,oficina mecânica,4.9,46,,(31) 3226-7456,,@canaaautocenter.bh,canaacenter.com.br,,https://www.google.com/maps?cid=11024621283518688478,11024621283518688478,Não tem site próprio,Qualificado,publicado,https://kairostecnologia.com/clientes/canaa-auto-center/
26,Auto Revisão Edcar,oficina mecânica,4.9,42,,(31) 98573-6834,5531985736834,,autorevisaoedcar.com.br,,https://www.google.com/maps?cid=14907924989167385830,14907924989167385830,Não tem site próprio,Qualificado,publicado,https://kairostecnologia.com/clientes/auto-revisao-edcar/
27,Porão Centro Automotivo,pintura automotiva,4.8,121,,(31) 3221-5068,,,poraocentroautomotivo.com.br,,https://www.google.com/maps?cid=314177213805981648,314177213805981648,Não tem site próprio,Qualificado,publicado,https://kairostecnologia.com/clientes/porao-centro-automotivo/
28,Alfa Car,oficina mecânica,4.8,96,,(31) 3451-3645,(31)972582812,,alfacar.com.br,,https://www.google.com/maps?cid=562707050947445263,562707050947445263,Não tem site próprio (só whats.link/WhatsApp),Qualificado,publicado,https://kairostecnologia.com/clientes/alfa-car/
29,Centro Automotivo Dias,oficina mecânica,4.8,39,,(31) 99539-6899,5531995396899,,centroautomotivodias.com.br,,https://www.google.com/maps?cid=6007076108323123226,6007076108323123226,Não tem site próprio,Qualificado,publicado,https://kairostecnologia.com/clientes/centro-automotivo-dias/
30,Auto Mecânica Chapéu,oficina mecânica,4.6,28,,(31) 98551-3484,5531985513484,,automecanicachapeu.com.br,,https://www.google.com/maps?cid=14765148685635200474,14765148685635200474,Não tem site próprio,Qualificado,publicado,https://kairostecnologia.com/clientes/auto-mecanica-chapeu/
31,Magrão Car Service,oficinas,5.0,38,,(31) 99808-0562,5531998080562,@magraocarservice,,https://instagram.com/o_magraoo,,,"OPORTUNIDADE (site novo): nota 5.0, só tem Instagram — precisa de site próprio.",Qualificado,proposta,https://kairostecnologia.com/clientes/magrao-car-service/
32,Centro Automotivo Juninho,oficinas,4.9,173,,(31) 3264-1753,553132641753,,,,,,OPORTUNIDADE (site novo): ótima reputação (4.9/173) e SEM site — prospect ideal para site do zero.,Qualificado,proposta,https://kairostecnologia.com/clientes/centro-automotivo-juninho/
33,Marra Centro Automotivo,oficinas,4.8,41,,(31) 98227-9780,5531982279780,,,,,,"OPORTUNIDADE (site novo): 4.8/41, sem site próprio.",Qualificado,proposta,https://kairostecnologia.com/clientes/marra-centro-automotivo/
34,Oficina Mecânica CJ CAR,oficinas,4.8,23,,(31) 98692-1283,5531986921283,,,,https://www.google.com/maps?cid=1778110103655439033,1778110103655439033,"OPORTUNIDADE (site novo): 4.8/23, sem site próprio.",Qualificado,proposta,https://kairostecnologia.com/clientes/oficina-mecanica-cj-car/
35,Alinhamento Vilarinho,oficinas,4.4,377,,(31) 3451-1191,553134511191,,,https://wa.me/message/QKOG5ORCPMXJA1,,,"OPORTUNIDADE (site novo): 377 avaliações, sem site (só link de WhatsApp).",Qualificado,proposta,https://kairostecnologia.com/clientes/alinhamento-vilarinho/
36,Vilarinho Embreagens,oficinas,4.2,457,,(31) 2116-0826,5531981084502,@vilarinhoembreagem,,https://vilarinhoembreagens.com.br,,,OPORTUNIDADE (site caído): 457 avaliações e site fora do ar — ângulo forte de abordagem.,Qualificado,proposta,https://kairostecnologia.com/clientes/vilarinho-embreagens/
37,GR Advogado INSS Previdenciário (Gecilane),advogados,5.0,2928,,(31) 99539-9740,5531995399740,,,https://gecilaneadvocacia.com.br,,,Site profissional e moderno.,Descartado,descartado,
38,Advogado Dr. João Paulo Alves,advogados,5.0,227,,(31) 97599-6815,5531975996815,,,https://drjoaopauloalvesadv.com.br,,,"Site já moderno (layout atual, CTA WhatsApp, FAQ).",Descartado,descartado,
39,Rafael Nunes Duarte | Adv. Trabalhista,advogados,5.0,221,,(31) 99749-1994,5531997491994,,,https://rafaelnunesduarteadvogado.com,,,Site fora do ar (não carrega).,Descartado,descartado,
40,Daniel Frederighi Advogados Associados,advogados,5.0,210,,(31) 3201-2151,5531984351476,,,https://danielfrederighiadvogados.com.br,,,"Site profissional e completo (escritório grande, unidades SP/BH/Brasília).",Descartado,descartado,
41,Braga e Lima Sociedade de Advogados (Escr. Trabalhista),advogados,5.0,200,,(31) 97345-9736,5531973459736,,,https://bragaelimaadvogados.com,,,"Site profissional completo (equipe com credenciais, blog extenso).",Descartado,descartado,
42,Dra. Mirthes Araújo – Adv. Trabalhista/INSS,advogados,5.0,115,,(31) 97190-3588,5531971903588,,,https://linktr.ee/mirthes.araujo,,,Sem site próprio — usa Linktree.,Descartado,descartado,
43,Advogado Criminal - Rodrigo Braga,advogados,5.0,74,,(31) 98789-1153,5531987891153,,,,,,Sem site próprio (apenas ficha do Google).,Descartado,descartado,
44,Sousa & Sousa Advogados,advogados,5.0,65,piterluizm53@gmail.com,(31) 98509-3929,5531985093929,,,https://sousaesousaadvogados.com.br,,,"Site moderno e completo (seções, prova social, FAQ, CTA WhatsApp).",Descartado,descartado,
45,Almeida & Aquino Advocacia | INSS,advogados,5.0,61,,(31) 99552-3347,5531995523347,,,,,,Sem site (nenhum website no perfil).,Descartado,descartado,
46,Advogado Venda Nova - Débora Borges,advogados,5.0,26,,(31) 99466-6593,5531994666593,,,https://deboraborgesadv.com,,,Apenas 26 avaliações (mínimo 40).,Descartado,descartado,
47,Clínica Médica Procê Saúde,clinicas medicas,4.9,284,contato@procesaude.com.br,(31) 2391-5858,5531982480961,,,https://procesaude.com.br,,,"Site moderno e completo (preços, especialidades, depoimentos, FAQ).",Descartado,descartado,
48,Adriana Ramalho - Advocacia Previdenciária,advogados,4.9,207,,(31) 3457-8831,5531999379544,,,https://adrianaramalhoprevidencia.com.br,,,"Site profissional completo (blog, formulário, feito por agência).",Descartado,descartado,
49,Gonzaga Camilo Advogados (GZC),advogados,4.9,119,contato@gzcadvocacia.com.br,(31) 92002-7779,5531920027779,,,https://gzcadvocacia.com.br,,,"Site profissional excelente (menu completo, áreas detalhadas, avaliações, conformidade OAB).",Descartado,descartado,
50,Graciliane Pimentel Escritório de Advocacia,advogados,4.9,73,,(31) 98698-2622,5531986982622,,,https://gracilianepimenteladv.smallpage.com.br,,,Sem site próprio — página bio no smallpage.,Descartado,descartado,
51,Escritório de Advocacia - Morais & Bastos,advogados,4.9,38,,(31) 98969-3971,5531989693971,,,,,,Sem site + 38 avaliações (mínimo 40).,Descartado,descartado,
52,Marcio Santos Advocacia e Consultoria,advogados,4.9,37,,(31) 98485-1007,5531984851007,,,,,,Apenas 37 avaliações (mínimo 40).,Descartado,descartado,
53,Complexo de Saúde Vida Nova,clinicas medicas,4.8,8925,,(31) 3457-4424,,,,https://www.clinicavidanova.com.br,,,"Site profissional completo (menu, especialidades, FAQ).",Descartado,descartado,
54,D&A Bosch Car Service,oficinas,4.8,498,,(31) 3458-6535,,,,https://dacentroautomotivo.com.br,,,"Site profissional completo (rede Bosch, avaliações, serviços).",Descartado,descartado,
55,TOC Auto Center (Pirelli) - Venda Nova,oficinas,4.8,435,,(31) 3360-5501,,,autocentertoc.com.br,https://autocentertoc.com.br,https://www.google.com/maps?cid=8480935223014522717,8480935223014522717,"Rede de lojas com site profissional (várias unidades, e-commerce atacado, trabalhe conosco) — baixa oportunidade.",Descartado,descartado,
56,Advogada Trabalhista Dra. Carolina Viana,advogados,4.8,131,,(31) 99256-5214,5531992565214,,,https://advocaciacarolinaviana.com.br,,,Site fora do ar (não carrega).,Descartado,descartado,
57,Mecânica Dias,oficinas,4.8,87,,(31) 98986-3426,5531989863426,https://instagram.com/automecanicadias,automecanicadias.com.br,https://automecanicadias.com.br,https://www.google.com/maps?cid=2938574469296495226,2938574469296495226,"Site próprio moderno e completo (hero, CTA de orçamento no WhatsApp, seções de serviços, WhatsApp flutuante) — baixa oportunidade.",Descartado,descartado,
58,Clínica da Cidade Venda Nova,clinicas medicas,4.7,1427,,,,,,,,,OPORTUNIDADE (site novo): 4.7/1427 avaliações e SEM site — excelente prospect.,Descartado,descartado,https://kairostecnologia.com/clientes/clinica-da-cidade/
59,Bono Pneus BH Venda Nova,oficinas,4.7,299,bhvendanova@bonopneus.com.br,(31) 99670-5423,5531996705423,,,https://bhvendanova.bonopneus.com.br,,,Site de franquia (mantido pela rede Bono Pneus).,Descartado,descartado,
60,Flaviana Magalhães - Advogada em Venda Nova,advogados,4.7,95,,(31) 99975-0779,5531999750779,,,https://magalhaesadvocacia.com,,,"QUALIFICADO: página única (LP) sem seções institucionais nem prova social, apesar de 95 avaliações 4.7. Contato por WhatsApp.",Descartado,descartado,https://kairostecnologia.com/clientes/flaviana-magalhaes/
61,MultiClinica,clinicas medicas,4.6,1300,,(31) 3408-3800,5531988741796,,,https://multiclinicabh.com.br,,,"Site profissional (corpo clínico, agendamento online, blog).",Descartado,descartado,
62,JUSCIDADÃO,advogados,4.6,61,,(31) 98588-5666,5531985885666,,,https://juscidadao.com.br,,,Site desativado — domínio mostra página do provedor (ConectaAdv).,Descartado,descartado,
63,Vartuli Advogados,advogados,4.6,9,,(31) 98893-8200,5531988938200,,,,,,Apenas 9 avaliações (mínimo 40).,Descartado,descartado,
64,Yozz Auto Center,oficinas,4.5,173,,(31) 3511-6993,,,,,,,Fora da região (Contagem) — anúncio patrocinado.,Descartado,descartado,
65,Uniclínica BH - Especialidades Médicas,clinicas medicas,4.3,536,,(31) 3656-4448,5531996728819,@uniclinicabh,,http://www.uniclinicabh.com.br,,,QUALIFICADO (redesign): site em template datado e com número de WhatsApp placeholder '123456789' em produção.,Descartado,descartado,https://kairostecnologia.com/clientes/cl-uniclinica/
66,Medicare,clinicas medicas,3.7,628,,(31) 3408-8900,,,,,,,Nota 3.7 (abaixo de 3.8).,Descartado,descartado,
67,Centro de Especialidades Médicas Primacordis,clinicas medicas,3.5,885,,(31) 3053-9497,,,,https://primacordis.com.br,,,Nota 3.5 (abaixo de 3.8).,Descartado,descartado,
68,AmorSaúde BH Venda Nova,clinicas medicas,3.3,753,,(31) 3408-2000,,,,https://amorsaude.com.br,,,Nota 3.3 (abaixo de 3.8) — rede.,Descartado,descartado,
69,Centro Clínico Venda Nova | Hapvida NotreDame,clinicas medicas,2.4,266,,(31) 4090-2290,,,,https://www.gndiminas.com.br,,,Nota 2.4 (abaixo de 3.8) — rede.,Descartado,descartado,
